dataset,aggregate_type,delta,epsilon_freq,epsilon_time,emd_freq,emd_time
Sepsis Cases - Event Log,AggregateType.AVG,0.01,0.040001333413339134,9.5867269464822e-05,15.147238269779796,0.004730774817674295
Sepsis Cases - Event Log,AggregateType.AVG,0.05,0.20016691711396528,0.00047971701777767864,2.9370031507252614,0.0008304837629725864
Sepsis Cases - Event Log,AggregateType.AVG,0.1,0.4013413909243025,0.0009620146587762114,1.647755622404197,0.0004155300181245814
Sepsis Cases - Event Log,AggregateType.AVG,0.5,2.1972245773362196,0.0052662800408388236,0.3969201903084023,9.295371628923402e-05
Sepsis Cases - Event Log,AggregateType.SUM,0.01,0.040001333413339134,9.5867269464822e-05,15.662329659138155,0.41257797798239604
Sepsis Cases - Event Log,AggregateType.SUM,0.05,0.20016691711396528,0.00047971701777767864,3.0288807734410668,0.09234831782291729
Sepsis Cases - Event Log,AggregateType.SUM,0.1,0.4013413909243025,0.0009620146587762114,1.5820366572565971,0.048914875392635025
Sepsis Cases - Event Log,AggregateType.SUM,0.5,2.1972245773362196,0.0052662800408388236,0.3738350531800304,0.01009901019221535
