dataset,exp_indx,alpha,epsilon_freq,epsilon_time,delta_freq,delta_time
CCC19,0,10,0.4605170185988092,0.2995732273553991,0.11462326752458547,[]
CCC19,0,50,0.09210340371976183,0.059914645471079817,0.02302178243558337,[]
CCC19,0,100,0.04605170185988092,0.029957322735539908,0.01151241682228986,[]
CCC19,0,500,0.009210340371976183,0.0059914645471079815,0.002302581023645478,[]
CCC19,0,1000,0.004605170185988092,0.0029957322735539907,0.0011512920378276106,[]
CCC19,0,5000,0.0009210340371976184,0.0005991464547107981,0.0002302585052300633,[]
CCC19,0,10000,0.0004605170185988092,0.0002995732273553991,0.00011512925414105918,[]
