exp_indx,alpha,epsilon_freq,epsilon_time,delta_freq,delta_time
0,10,0.4605170185988092,0.2995732273553991,0.11462326752458547,0.9994375703037122
0,100,0.04605170185988092,0.029957322735539908,0.01151241682228986,0.9994375703037122
0,1000,0.004605170185988092,0.0029957322735539907,0.0011512920378276106,0.9994375703037122
