dataset,exp_indx,delta,epsilon_freq,epsilon_time,emd_freq,emd_time
CoSeLoG_WABO_2,9,0.01,0.040001333413339134,6.779764122867121e-13,21.802565452956216,2.5136431083943043
CoSeLoG_WABO_2,9,0.05,0.20016691711396528,3.3043054347877865e-12,3.5515501935986604,0.670737199257462
CoSeLoG_WABO_2,9,0.1,0.4013413909243025,6.448288545528422e-12,1.6345789045723085,6338626.831648291
CoSeLoG_WABO_2,9,0.5,2.1972245773362196,3.494544686903243e-11,0.3135404586361136,768086.0572714091
