dataset,aggregate_type,exp_indx,delta,epsilon_freq,epsilon_time,emd_freq,emd_time
CCC19,AggregateType.AVG,9,0.01,0.040001333413339134,inf,19.56813671509139,0.0
CCC19,AggregateType.AVG,9,0.05,0.20016691711396528,inf,3.090542268171771,0.0
CCC19,AggregateType.AVG,9,0.1,0.4013413909243025,inf,1.406997851482226,0.0
CCC19,AggregateType.AVG,9,0.5,2.1972245773362196,inf,0.33735642940799326,0.0
