dataset,exp_indx,delta,epsilon_freq,epsilon_time,emd_freq,emd_time
CCC19,9,0.01,0.040001333413339134,inf,20.898054722588327,0.0
CCC19,9,0.05,0.20016691711396528,inf,3.0017520225555647,0.0
CCC19,9,0.1,0.4013413909243025,inf,1.3883273498128221,0.0
CCC19,9,0.5,2.1972245773362196,inf,0.3443825484274232,0.0
