dataset,aggregate_type,delta,epsilon_freq,epsilon_time,MAPE_freq,SMAPE_freq,MAPE_time,SMAPE_time
Hospital,AggregateType.AVG,0.5,2.1972245773362196,0.00011840535729248586,0.26309926770523107,0.09823773435679259,8.546646227302818e-05,4.045685927176914e-05
Hospital,AggregateType.SUM,0.5,2.1972245773362196,0.027815727844993365,0.2624027076938277,0.09793913859747308,0.01266276460338472,0.0051254439275436655
Hospital,AggregateType.MIN,0.5,2.1972245773362196,0.0001162952191133766,0.2597368867957544,0.0973034522875019,1.722679314601472,0.2115447280822662
Hospital,AggregateType.MAX,0.5,2.1972245773362196,0.022025238934021803,0.26096199087350797,0.09773353939177273,0.0273658753222245,0.0101102749062739
