dataset,aggregate_type,delta,epsilon_freq,epsilon_time,MAPE_freq,SMAPE_freq,MAPE_time,SMAPE_time
Sepsis,AggregateType.AVG,0.3,1.2380784168124463,0.003012298565726591,0.0298097148103885,0.013104606920909406,0.07852832242463575,0.03481430431669965
Sepsis,AggregateType.SUM,0.3,1.2380784168124463,0.0506142916217419,0.028616410665317015,0.01271103259594487,0.25924059539775574,0.0915284951809908
Sepsis,AggregateType.MIN,0.3,1.2380784168124463,2.0843915167961784e-06,0.04020193730760543,0.017425229033633582,334.15725825128834,0.5677062135337883
Sepsis,AggregateType.MAX,0.3,1.2380784168124463,0.016634700598408766,0.03327006759402505,0.014582452357992132,0.4813271785992138,0.1543790386018684
