dataset,aggregate_type,delta,epsilon_freq,epsilon_time,MAPE_freq,SMAPE_freq,MAPE_time,SMAPE_time
Hospital,AggregateType.AVG,0.05,0.20016691711396528,0.0011944684253699478,2.983454360365968,0.4077064310552676,0.00029891798333072316,0.000147705829293586
Hospital,AggregateType.SUM,0.05,0.20016691711396528,0.004894407206393932,2.905439914735355,0.4051024208524806,0.09255157414329149,0.013664609065235419
Hospital,AggregateType.MIN,0.05,0.20016691711396528,6.967732481324694e-05,3.0027858480419334,0.4081315415768099,1.9088698783512943,0.023423549303760637
Hospital,AggregateType.MAX,0.05,0.20016691711396528,0.0020476601577770538,2.979548460530397,0.40902481435725696,0.1186045742768167,0.015464441058020847
