dataset,aggregate_type,delta,epsilon_freq,epsilon_time,MAPE_freq,SMAPE_freq,MAPE_time,SMAPE_time
Sepsis,AggregateType.AVG,0.2,0.8109302162163288,0.0019558186241684468,0.05260519451273045,0.02080506143574106,0.10197705162878543,0.044778796452975604
Sepsis,AggregateType.SUM,0.2,0.8109302162163288,0.03423263783700712,0.03948511368197242,0.017912114276152902,0.4403729214755523,0.1293476105897998
Sepsis,AggregateType.MIN,0.2,0.8109302162163288,1.378278191168331e-06,0.054563918908064335,0.022797197938589496,476.69448490672596,0.5912064846712451
Sepsis,AggregateType.MAX,0.2,0.8109302162163288,0.010167065971347877,0.06980243288707552,0.02450156504144886,0.8250930538749032,0.214958760196284
