dataset,aggregate_type,alpha,epsilon_freq,epsilon_time,delta_freq_median,delta_time_median,delta_freq_max,delta_time_max
Hospital,AggregateType.AVG,0.5,0.0016178360042115201,7.29101507387556e-05,0.8181818181818181,0.0,0.9801980198019802,0.00591474175792564
Hospital,AggregateType.SUM,0.5,0.0016178360042115201,0.06241108903237479,0.8181818181818181,0.0,0.9801980198019802,0.8209876543209877
Hospital,AggregateType.MIN,0.5,0.0016178360042115201,0.06241108903237479,0.8181818181818181,0.0,0.9801980198019802,0.8461538461538463
Hospital,AggregateType.MAX,0.5,0.0016178360042115201,0.06113739333783654,0.8181818181818181,0.0,0.9801980198019802,0.8325903443042777
