dataset,aggregate_type,alpha,epsilon_freq,epsilon_time,delta_freq_median,delta_time_median,delta_freq_max,delta_time_max
Hospital,AggregateType.AVG,0.9,0.0008987977801175112,4.050563929930866e-05,0.5646318840142971,0.0,0.8562753417803016,0.0032657006297404367
Hospital,AggregateType.SUM,0.9,0.0008987977801175112,0.03467282724020822,0.5646318840142971,0.0,0.8562753417803016,0.6813531033364284
Hospital,AggregateType.MIN,0.9,0.0008987977801175112,0.03467282724020822,0.5646318840142971,0.0,0.8562753417803016,0.8461538461538463
Hospital,AggregateType.MAX,0.9,0.0008987977801175112,0.0339652185210203,0.5646318840142971,0.0,0.8562753417803016,0.6814783353578145
