dataset,aggregate_type,delta,epsilon_freq,epsilon_time,MAPE_freq,SMAPE_freq,MAPE_time,SMAPE_time
CreditReq,AggregateType.AVG,0.9,5.888877958332882,0.0009090632539167072,1.7414694421611935e-05,8.707203718559503e-06,1.4396246030040263,0.29739108547399307
CreditReq,AggregateType.SUM,0.9,5.888877958332882,9.163357599480408,1.836080490515227e-05,9.180251873726655e-06,0.0010140054382266862,0.0005062232472279845
CreditReq,AggregateType.MIN,0.9,5.888877958332882,0.0008750733874727786,1.5588323790593066e-05,7.794052524425568e-06,118.48186518466494,0.898839501419598
CreditReq,AggregateType.MAX,0.9,5.888877958332882,1.2601056779608013,1.848198098516419e-05,9.240837294596002e-06,0.17213625071870867,0.0738636112754323
