dataset,aggregate_type,delta,epsilon_freq,epsilon_time,MAPE_freq,SMAPE_freq,MAPE_time,SMAPE_time
Sepsis,AggregateType.AVG,0.1,0.4013413909243025,0.0009618810950390835,0.08286809990470924,0.032786293176918106,0.20106642578265896,0.07772361783032525
Sepsis,AggregateType.SUM,0.1,0.4013413909243025,0.01785098405227232,0.1040781437091538,0.036869462991145664,0.7340517518405354,0.17875064078748135
Sepsis,AggregateType.MIN,0.1,0.4013413909243025,6.768258804905309e-07,0.11845143582675699,0.04045199608043165,1516.5024139503557,0.6260016900002142
Sepsis,AggregateType.MAX,0.1,0.4013413909243025,0.004865338030396452,0.10749826219361627,0.038598480733676215,1.9884256815160026,0.3294326969740582
