dataset,aggregate_type,delta,epsilon_freq,epsilon_time,MAPE_freq,SMAPE_freq,MAPE_time,SMAPE_time
Hospital,AggregateType.AVG,0.2,0.8109302162163288,9.793327742207636e-05,0.7141245878722353,0.1974598054039463,0.00015010960859077732,7.262472697472167e-05
Hospital,AggregateType.SUM,0.2,0.8109302162163288,0.008826019379033366,0.7094852968507829,0.19697074693839084,0.04955373530058825,0.015653303852002275
Hospital,AggregateType.MIN,0.2,0.8109302162163288,4.610299291090868e-05,0.7062216091657131,0.19605014701671417,4.026701266131839,0.15345382317024212
Hospital,AggregateType.MAX,0.2,0.8109302162163288,0.008243947670190068,0.7122827397721004,0.19767135112159623,0.10099925080589796,0.027178496598516566
