dataset,aggregate_type,delta,epsilon_freq,epsilon_time,MAPE_freq,SMAPE_freq,MAPE_time,SMAPE_time
BPIC15,AggregateType.AVG,0.3,1.2380784168124463,0.0026146148746220635,0.31345249071692244,0.10534601345494599,0.0019136921969600928,0.0009465092159585562
BPIC15,AggregateType.SUM,0.3,1.2380784168124463,0.01447380344992637,0.3264037501512174,0.10789865249641666,0.14939859680807865,0.05043311403417813
BPIC15,AggregateType.MIN,0.3,1.2380784168124463,7.48695298200849e-08,0.31536564939831024,0.1055708831334868,41218.790737799274,0.31932935431246506
BPIC15,AggregateType.MAX,0.3,1.2380784168124463,0.012913446738833493,0.31310682013317975,0.10497226073310192,0.20335091545618625,0.06395774020595034
