dataset,aggregate_type,alpha,epsilon_freq,epsilon_time,delta_freq_median,delta_time_median,delta_freq_max,delta_time_max
Sepsis Cases - Event Log,AggregateType.MAX,0.01,0.25900844690596686,3.4042412199477163,0.22583752845901228,0.9979402677651905,0.30225856670755413,0.9994375703037122
Sepsis Cases - Event Log,AggregateType.MAX,0.05,0.05180168938119338,0.6808482439895431,0.04592744930677294,0.9979402677651905,0.06231981312198646,0.9994375703037122
Sepsis Cases - Event Log,AggregateType.MAX,0.1,0.02590084469059669,0.34042412199477157,0.022975846963515206,0.9979402677178761,0.031190219847100634,0.9994375701301771
Sepsis Cases - Event Log,AggregateType.MAX,0.2,0.012950422345298345,0.17021206099738578,0.011489439970724526,0.9977888844355728,0.015598904616542085,0.998882566004537
Sepsis Cases - Event Log,AggregateType.SUM,0.01,0.25900844690596686,3.1580491049826027,0.22583752845901228,0.9888171221952257,0.30225856670755413,0.9988950276243095
Sepsis Cases - Event Log,AggregateType.SUM,0.05,0.05180168938119338,0.6316098209965205,0.04592744930677294,0.2672730069179559,0.06231981312198646,0.998699639029319
Sepsis Cases - Event Log,AggregateType.SUM,0.1,0.02590084469059669,0.31580491049826026,0.022975846963515206,0.12120281164232954,0.031190219847100634,0.9562729339775407
Sepsis Cases - Event Log,AggregateType.SUM,0.2,0.012950422345298345,0.15790245524913013,0.011489439970724526,0.05653864083844201,0.015598904616542085,0.6349362686356864
