dataset,aggregate_type,alpha,epsilon_freq,epsilon_time,delta_freq_median,delta_time_median,delta_freq_max,delta_time_max
BPIC15,AggregateType.AVG,0.8,0.007907229028138894,7.944385060129175e-05,0.3450192866699701,0.0,0.8935195695959551,0.019594912799170472
BPIC15,AggregateType.SUM,0.8,0.007907229028138894,0.03788208696346606,0.3450192866699701,0.0,0.8935195695959551,0.7329060092551948
BPIC15,AggregateType.MIN,0.8,0.007907229028138894,0.03811536634677553,0.3450192866699701,0.0,0.8935195695959551,0.9933333333333333
BPIC15,AggregateType.MAX,0.8,0.007907229028138894,0.03782490244386352,0.3450192866699701,0.0,0.8935195695959551,0.7334558887181151
