dataset,aggregate_type,delta,epsilon_freq,epsilon_time,MAPE_freq,SMAPE_freq,MAPE_time,SMAPE_time
BPIC15,AggregateType.AVG,0.6,2.772588722239781,0.0038430904135211266,0.14440628719365095,0.05754382717569835,0.000896060326618033,0.0004432867576656753
BPIC15,AggregateType.SUM,0.6,2.772588722239781,0.04073226183632554,0.14082256142808852,0.05685367917898182,0.04267123151777271,0.017154779827142513
BPIC15,AggregateType.MIN,0.6,2.772588722239781,1.2721683203229045e-07,0.14185888079035808,0.056948320110505754,12470.689056456122,0.18684953174477034
BPIC15,AggregateType.MAX,0.6,2.772588722239781,0.03471046364765838,0.14120998340879437,0.056798913873891375,0.05493962263802513,0.021427233489649644
