dataset,aggregate_type,alpha,epsilon_freq,epsilon_time,delta_freq_median,delta_time_median,delta_freq_max,delta_time_max
Hospital,AggregateType.AVG,0.7,0.0011555971458653714,5.207867909911115e-05,0.6763478930139705,0.0,0.9281272497197648,0.0042080555803259145
Hospital,AggregateType.SUM,0.7,0.0011555971458653714,0.044579349308839146,0.6763478930139705,0.0,0.9281272497197648,0.7685772439296465
Hospital,AggregateType.MIN,0.7,0.0011555971458653714,0.044579349308839146,0.6763478930139705,0.0,0.9281272497197648,0.8461538461538463
Hospital,AggregateType.MAX,0.7,0.0011555971458653714,0.04366956666988324,0.6763478930139705,0.0,0.9281272497197648,0.7753804486553721
