dataset,aggregate_type,alpha,epsilon_freq,epsilon_time,delta_freq_median,delta_time_median,delta_freq_max,delta_time_max
Sepsis,AggregateType.AVG,0.05,0.05180168938119338,0.028891932716614735,0.07600217187381401,0.49603930877307245,0.9999995691131548,0.9411673698459334
Sepsis,AggregateType.SUM,0.05,0.05180168938119338,0.7535903483232965,0.07600217187381401,0.4999999999976257,0.9999995691131548,0.8420141796528827
Sepsis,AggregateType.MIN,0.05,0.05180168938119338,0.6453306157801294,0.07600217187381401,0.5,0.9999995691131548,0.9411764705882353
Sepsis,AggregateType.MAX,0.05,0.05180168938119338,0.7189397986630246,0.07600217187381401,0.5,0.9999995691131548,0.9411764705882353
