dataset,aggregate_type,alpha,epsilon_freq,epsilon_time,delta_freq_median,delta_time_median,delta_freq_max,delta_time_max
Sepsis,AggregateType.AVG,0.7,0.0037001206700852424,0.002063709479758196,0.005439278374504539,0.09744055442021815,0.4991958706686359,0.25077848512138634
Sepsis,AggregateType.SUM,0.7,0.0037001206700852424,0.05382788202309262,0.005439278374504539,0.1897765904387133,0.4991958706686359,0.739106205103868
Sepsis,AggregateType.MIN,0.7,0.0037001206700852424,0.04609504398429495,0.005439278374504539,0.5,0.4991958706686359,0.9411764705882353
Sepsis,AggregateType.MAX,0.7,0.0037001206700852424,0.051352842761644625,0.005439278374504539,0.48634118917955316,0.4991958706686359,0.7893305526886815
