dataset,aggregate_type,delta,epsilon_freq,epsilon_time,MAPE_freq,SMAPE_freq,MAPE_time,SMAPE_time
CreditReq,AggregateType.AVG,0.1,0.4013413909243025,0.00023836909610759285,0.0002330227036165093,0.00011648632121486892,7.42176320449321,0.6454894667740904
CreditReq,AggregateType.SUM,0.1,0.4013413909243025,2.4027604887645357,0.00024093244367708126,0.00012043843266792213,0.0044592251553445626,0.002219243096957732
CreditReq,AggregateType.MIN,0.1,0.4013413909243025,8.775401185239371e-05,0.00023775069596134244,0.00011885002827487299,793.7071728675357,0.9622474275195643
CreditReq,AggregateType.MAX,0.1,0.4013413909243025,0.12636577706744692,0.00025566684396173106,0.00012780246719653953,1.2764285005773277,0.3050406599120193
