dataset,aggregate_type,delta,epsilon_freq,epsilon_time,MAPE_freq,SMAPE_freq,MAPE_time,SMAPE_time
Sepsis,AggregateType.AVG,0.7,3.4692021107762123,0.008322049910381251,0.01101432204662142,0.005283961970184232,0.020165939383310245,0.009291547067007369
Sepsis,AggregateType.SUM,0.7,3.4692021107762123,0.3863632278658878,0.011752247053093459,0.005567444432560798,0.026950733776685935,0.011324304687663642
Sepsis,AggregateType.MIN,0.7,3.4692021107762123,5.8404250133029574e-06,0.00862184730185772,0.004173540358638184,142.22411699368422,0.24251767902065274
Sepsis,AggregateType.MAX,0.7,3.4692021107762123,0.058254349372668754,0.009926330105884836,0.004790077451301525,0.09575089226886244,0.03638226146213858
