dataset,aggregate_type,delta,epsilon_freq,epsilon_time,MAPE_freq,SMAPE_freq,MAPE_time,SMAPE_time
Sepsis,AggregateType.AVG,0.6,2.772588722239781,0.006644770350309104,0.012604911906549433,0.005951884758071226,0.023266193864292278,0.0109900497118087
Sepsis,AggregateType.SUM,0.6,2.772588722239781,0.12300518963850557,0.010866427914685355,0.005276361347676409,0.0327301773963217,0.014548341871832784
Sepsis,AggregateType.MIN,0.6,2.772588722239781,4.7718022415806485e-06,0.012772964382275695,0.006129614530823611,199.15814242088078,0.3423557808428083
Sepsis,AggregateType.MAX,0.6,2.772588722239781,0.04651339245216373,0.014935833512816096,0.006800827347842664,0.11470265537079023,0.04529081546851432
