dataset,aggregate_type,alpha,epsilon_freq,epsilon_time,delta_freq_median,delta_time_median,delta_freq_max,delta_time_max
Hospital,AggregateType.AVG,0.7,0.0007675667426684822,1.01362473708875e-05,0.6763478930139705,0.0,0.9281272497197648,0.006642134001818563
Hospital,AggregateType.SUM,0.7,0.0007675667426684822,0.014263698371715875,0.6763478930139705,0.0,0.9281272497197648,0.7891800522297799
Hospital,AggregateType.MIN,0.7,0.0007675667426684822,0.044579349308839146,0.6763478930139705,0.0,0.9281272497197648,0.9996687644915535
Hospital,AggregateType.MAX,0.7,0.0007675667426684822,0.042857400193905444,0.6763478930139705,0.0,0.9281272497197648,0.7894251896654455
