dataset,aggregate_type,delta,epsilon_freq,epsilon_time,MAPE_freq,SMAPE_freq,MAPE_time,SMAPE_time
BPIC15,AggregateType.AVG,0.7,3.4692021107762123,0.0041582742872263235,0.11533431742141598,0.047955974501911164,0.0006938299690409479,0.00034190571499394316
BPIC15,AggregateType.SUM,0.7,3.4692021107762123,0.07368099247441687,0.11244572377415123,0.046945915227445456,0.02219385687582395,0.009306806630401359
BPIC15,AggregateType.MIN,0.7,3.4692021107762123,1.497390596401698e-07,0.1080164362680558,0.04562744751114842,9908.12527284566,0.08414924662354231
BPIC15,AggregateType.MAX,0.7,3.4692021107762123,0.05201011233488251,0.11434113794367948,0.04734665160542641,0.03205532310686166,0.01298140072709332
