dataset,aggregate_type,alpha,epsilon_freq,epsilon_time,delta_freq_median,delta_time_median,delta_freq_max,delta_time_max
BPIC15,AggregateType.AVG,0.1,0.06325783222511115,0.000635550804810334,0.9936953816334796,0.0,0.9999999998,0.9678572336217073
BPIC15,AggregateType.SUM,0.1,0.06325783222511115,0.3030566957077285,0.9936953816334796,0.0,0.9999999998,0.9933333332576411
BPIC15,AggregateType.MIN,0.1,0.06325783222511115,0.30492293077420424,0.9936953816334796,0.0,0.9999999998,0.9933333333333333
BPIC15,AggregateType.MAX,0.1,0.06325783222511115,0.3025992195509082,0.9936953816334796,0.0,0.9999999998,0.9968749999688477
