dataset,aggregate_type,delta,epsilon_freq,epsilon_time,MAPE_freq,SMAPE_freq,MAPE_time,SMAPE_time
Hospital,AggregateType.AVG,0.01,0.040001333413339134,4.9969721781049515e-05,14.501111877944913,0.6426822488808718,0.0016631663959779878,0.0007993009497310811
Hospital,AggregateType.SUM,0.01,0.040001333413339134,0.00041672223555936706,14.410610684624654,0.6423891304966092,0.8986352223338686,0.05828302356107101
Hospital,AggregateType.MIN,0.01,0.040001333413339134,2.334365964591245e-06,14.230269525104466,0.6421758678140599,70.35749357146982,0.1454079175099787
Hospital,AggregateType.MAX,0.01,0.040001333413339134,0.00040409428902726514,14.264860068955496,0.6434994397014469,1.8133548966965578,0.07323159385389091
