dataset,aggregate_type,alpha,epsilon_freq,epsilon_time,delta_freq_median,delta_time_median,delta_freq_max,delta_time_max
Hospital,AggregateType.AVG,0.3,0.0026963933403525335,0.000121516917897926,0.9578200457656272,0.0,0.9990721129203082,0.00994942429599463
Hospital,AggregateType.SUM,0.3,0.0026963933403525335,0.10401848172062467,0.9578200457656272,0.0,0.9990721129203082,0.8331031343684331
Hospital,AggregateType.MIN,0.3,0.0026963933403525335,0.10401848172062467,0.9578200457656272,0.0,0.9990721129203082,0.8461538461538463
Hospital,AggregateType.MAX,0.3,0.0026963933403525335,0.1018956555630609,0.9578200457656272,0.0,0.9990721129203082,0.8459006331213937
