dataset,aggregate_type,delta,epsilon_freq,epsilon_time,MAPE_freq,SMAPE_freq,MAPE_time,SMAPE_time
Sepsis,AggregateType.AVG,0.5,2.1972245773362196,0.00527300509477458,0.017724949911239213,0.008333249094985232,0.035162046628313744,0.016158498476697418
Sepsis,AggregateType.SUM,0.5,2.1972245773362196,0.09024188206903597,0.018512713287466488,0.008514522605824531,0.03920567468452678,0.017262967706720672
Sepsis,AggregateType.MIN,0.5,2.1972245773362196,3.965212308922328e-06,0.016537844991696873,0.007738893806930686,166.292373363061,0.3549835318690886
Sepsis,AggregateType.MAX,0.5,2.1972245773362196,0.03691103566342206,0.015402263268085229,0.007307594438105464,0.2182132661242869,0.07409279103358332
