dataset,aggregate_type,alpha,epsilon_freq,epsilon_time,delta_freq_median,delta_time_median,delta_freq_max,delta_time_max
Hospital,AggregateType.AVG,0.4,0.0013432417996698434,1.773843289905312e-05,0.8935195695959551,0.0,0.9936953816334796,0.06453326681382818
Hospital,AggregateType.SUM,0.4,0.0013432417996698434,0.02496147215050278,0.8935195695959551,0.0,0.9936953816334796,0.952474822759041
Hospital,AggregateType.MIN,0.4,0.0013432417996698434,0.0780138612904685,0.8935195695959551,0.0,0.9936953816334796,0.9996687644915535
Hospital,AggregateType.MAX,0.4,0.0013432417996698434,0.07500045033933452,0.8935195695959551,0.0,0.9936953816334796,0.95379547954767
