dataset,aggregate_type,delta,epsilon_freq,epsilon_time,MAPE_freq,SMAPE_freq,MAPE_time,SMAPE_time
Sepsis,AggregateType.AVG,0.05,0.20016691711396528,0.00048032487572787104,0.22972570008812535,0.05903095781589914,0.40160463927526735,0.13303060711726528
Sepsis,AggregateType.SUM,0.05,0.20016691711396528,0.009222135605131231,0.20596171559681847,0.06140340319155735,1.5417720990260855,0.2527702432147159
Sepsis,AggregateType.MIN,0.05,0.20016691711396528,3.3700768926506817e-07,0.23518170508850772,0.06734705951104092,3421.0582366403287,0.6681180713350318
Sepsis,AggregateType.MAX,0.05,0.20016691711396528,0.0024079279491483574,0.1685299033365864,0.04999591512317293,3.6553610237710346,0.4318572788805503
