dataset,aggregate_type,delta,epsilon_freq,epsilon_time,MAPE_freq,SMAPE_freq,MAPE_time,SMAPE_time
BPIC15,AggregateType.AVG,0.2,0.8109302162163288,0.0018829505554920976,0.47254630534069414,0.13899242345970614,0.0026048209085046494,0.0012856424289598195
BPIC15,AggregateType.SUM,0.2,0.8109302162163288,0.008846333822551664,0.4680534507789636,0.13804934285886503,0.23909357765279168,0.06928733067924023
BPIC15,AggregateType.MIN,0.2,0.8109302162163288,5.640733609912887e-08,0.49030762186627763,0.14208301878812535,47345.21957840424,0.24290338771067915
BPIC15,AggregateType.MAX,0.2,0.8109302162163288,0.008558564246335389,0.47897943812009586,0.14128878242996873,0.30943058416613844,0.08426853806846965
