dataset,aggregate_type,alpha,epsilon_freq,epsilon_time,delta_freq_median,delta_time_median,delta_freq_max,delta_time_max
Hospital,AggregateType.AVG,0.5,0.0010745934397358749,1.4190746319242497e-05,0.8181818181818181,0.0,0.9801980198019802,0.02293564214434364
Hospital,AggregateType.SUM,0.5,0.0010745934397358749,0.01996917772040222,0.8181818181818181,0.0,0.9801980198019802,0.9047619047619047
Hospital,AggregateType.MIN,0.5,0.0010745934397358749,0.06241108903237479,0.8181818181818181,0.0,0.9801980198019802,0.9996687644915535
Hospital,AggregateType.MAX,0.5,0.0010745934397358749,0.060000360271467615,0.8181818181818181,0.0,0.9801980198019802,0.9047619047619048
