dataset,aggregate_type,delta,epsilon_freq,epsilon_time,MAPE_freq,SMAPE_freq,MAPE_time,SMAPE_time
Hospital,AggregateType.AVG,0.9,5.888877958332882,0.00015090514245692623,0.09725460968666841,0.042838533837312356,3.364696043251625e-05,1.6592908292955188e-05
Hospital,AggregateType.SUM,0.9,5.888877958332882,0.06147152374156077,0.09743861526970854,0.04287920699692746,0.0013378116244290277,0.0006048161530004322
Hospital,AggregateType.MIN,0.9,5.888877958332882,0.00030559731068206336,0.0977445109149988,0.04299318957856148,0.31287029477558176,0.03921072035599111
Hospital,AggregateType.MAX,0.9,5.888877958332882,0.05930318363603691,0.09783264693028514,0.04300576239631534,0.0035163656225846267,0.0015204314127770676
