dataset,aggregate_type,delta,epsilon_freq,epsilon_time,MAPE_freq,SMAPE_freq,MAPE_time,SMAPE_time
Sepsis,AggregateType.AVG,0.1,0.4013413909243025,0.0009618810950390835,0.09594667813685985,0.035289406337802115,0.24651623864475924,0.09289326966385664
Sepsis,AggregateType.SUM,0.1,0.4013413909243025,0.01785098405227232,0.1038550607015494,0.03439453663965693,0.8679176643826196,0.18945204828664602
Sepsis,AggregateType.MIN,0.1,0.4013413909243025,6.768258804905309e-07,0.11427213151276239,0.03936934193209476,837.7442466293644,0.6456427301954725
Sepsis,AggregateType.MAX,0.1,0.4013413909243025,0.004865338030396452,0.08416401210018877,0.03109562960406446,1.671086517454135,0.3034294658875717
