dataset,aggregate_type,delta,epsilon_freq,epsilon_time,MAPE_freq,SMAPE_freq,MAPE_time,SMAPE_time
Hospital,AggregateType.AVG,0.4,1.6945957207744071,0.010147310072847766,0.3501169723803774,0.12262935889035018,4.037604922677361e-05,2.0146158436059567e-05
Hospital,AggregateType.SUM,0.4,1.6945957207744071,0.03654577653349645,0.35110279499387753,0.12267405664536594,0.009325883526809419,0.0034523028104329265
Hospital,AggregateType.MIN,0.4,1.6945957207744071,0.0006670038891347435,0.3540776390542747,0.12374084616628908,0.3498471426781893,0.02295927931240944
Hospital,AggregateType.MAX,0.4,1.6945957207744071,0.0224206589524104,0.35147128842142344,0.12291273594838806,0.012515936485903456,0.00431608671608375
