dataset,aggregate_type,delta,epsilon_freq,epsilon_time,MAPE_freq,SMAPE_freq,MAPE_time,SMAPE_time
BPIC15,AggregateType.AVG,0.9,5.888877958332882,0.0051438069917654206,0.06703910044547187,0.029841990297814307,0.0003184312143056369,0.00015644128101438846
BPIC15,AggregateType.SUM,0.9,5.888877958332882,0.12481673418157661,0.06682475415743101,0.029613883765751282,0.004974863633349963,0.002218705904487395
BPIC15,AggregateType.MIN,0.9,5.888877958332882,2.2421009421853197e-06,0.06612954850046968,0.029401659269855412,677.9887438419667,0.030823552109551355
BPIC15,AggregateType.MAX,0.9,5.888877958332882,0.08457755391416043,0.06524236466847719,0.02920853038772106,0.00703931952650305,0.003064511129147535
