dataset,aggregate_type,delta,epsilon_freq,epsilon_time,MAPE_freq,SMAPE_freq,MAPE_time,SMAPE_time
Hospital,AggregateType.AVG,0.6,2.772588722239781,0.0001243970905158711,0.2070513481154391,0.08134887821826152,6.91821007074535e-05,3.3160257034624915e-05
Hospital,AggregateType.SUM,0.6,2.772588722239781,0.03236414488191891,0.2076465031445444,0.08144899405770159,0.00929262301526533,0.0039008396352208743
Hospital,AggregateType.MIN,0.6,2.772588722239781,0.00014389511219956608,0.2085887844835243,0.08172851342418196,1.1579681332337408,0.0697826034749609
Hospital,AggregateType.MAX,0.6,2.772588722239781,0.027828855664438483,0.2065443617153664,0.08100497177942975,0.019584397532732438,0.007613689235135895
