dataset,aggregate_type,alpha,epsilon_freq,epsilon_time,delta_freq_median,delta_time_median,delta_freq_max,delta_time_max
Hospital,AggregateType.AVG,0.01,0.080891800210576,0.00364550753693778,1.0,0.0,1.0,0.45352796757546454
Hospital,AggregateType.SUM,0.01,0.080891800210576,1.0,1.0,0.0,1.0,0.8461538461538463
Hospital,AggregateType.MIN,0.01,0.080891800210576,1.0,1.0,0.0,1.0,0.8461538461538463
Hospital,AggregateType.MAX,0.01,0.080891800210576,1.0,1.0,0.0,1.0,0.8461538461538463
