dataset,aggregate_type,delta,epsilon_freq,epsilon_time,MAPE_freq,SMAPE_freq,MAPE_time,SMAPE_time
Sepsis,AggregateType.AVG,0.1,0.4013413909243025,0.0009618810950390835,0.13166106225028423,0.04371728563336026,0.2365887731674532,0.08799293803342186
Sepsis,AggregateType.SUM,0.1,0.4013413909243025,0.01785098405227232,0.08339410128508909,0.03256441116001177,0.7086178937691648,0.1739887228292752
Sepsis,AggregateType.MIN,0.1,0.4013413909243025,6.768258804905309e-07,0.09277182203255921,0.032941234087964344,1100.8244288634037,0.6521755343964949
Sepsis,AggregateType.MAX,0.1,0.4013413909243025,0.004865338030396452,0.10643692158668756,0.038574167342068824,1.5329132894805877,0.29914551107597476
