dataset,aggregate_type,delta,epsilon_freq,epsilon_time,MAPE_freq,SMAPE_freq,MAPE_time,SMAPE_time
CreditReq,AggregateType.AVG,0.8,4.394449154672438,0.0007601638189868883,2.2293485885323463e-05,1.1146496304620656e-05,1.3381651870586617,0.30575165430814205
CreditReq,AggregateType.SUM,0.8,4.394449154672438,7.662451295387834,2.5947482388761024e-05,1.2973432584087477e-05,0.0012723916183920317,0.0006350640888869725
CreditReq,AggregateType.MIN,0.8,4.394449154672438,0.0006509336506424702,2.512191825303028e-05,1.2560675043948269e-05,162.89423126624735,0.9411205249725624
CreditReq,AggregateType.MAX,0.8,4.394449154672438,0.937344456925157,2.7576163991697024e-05,1.3787709315765519e-05,0.21447359848294262,0.09128086213044197
