dataset,aggregate_type,delta,epsilon_freq,epsilon_time,MAPE_freq,SMAPE_freq,MAPE_time,SMAPE_time
Hospital,AggregateType.AVG,0.05,0.20016691711396528,7.49831893192488e-05,2.8854833661759938,0.3996044725031823,0.0003868012555757632,0.0001900135750315169
Hospital,AggregateType.SUM,0.05,0.20016691711396528,0.0020903197443974085,2.881635210999881,0.3990872424671296,0.18850194139529663,0.03333600258637879
Hospital,AggregateType.MIN,0.05,0.20016691711396528,1.170073972205562e-05,2.8938633583252296,0.4009148510837311,15.535006056892906,0.12355892143131286
Hospital,AggregateType.MAX,0.05,0.20016691711396528,0.002026976721839911,2.917436725794949,0.40143858536910404,0.3788321590193942,0.049300221540538466
