dataset,aggregate_type,delta,epsilon_freq,epsilon_time,MAPE_freq,SMAPE_freq,MAPE_time,SMAPE_time
Hospital,AggregateType.AVG,0.8,4.394449154672438,0.039443918238461724,0.13654108618274524,0.05773491906359417,2.6264014139542723e-06,1.3117975870031072e-06
Hospital,AggregateType.SUM,0.8,4.394449154672438,0.20736390593419046,0.13753162797774796,0.05798012883143879,0.0003459814226231571,0.00014759286336461693
Hospital,AggregateType.MIN,0.8,4.394449154672438,0.0016434965932692392,0.1355558067290021,0.05727319414404854,0.03710726717579026,0.0009360836017285636
Hospital,AggregateType.MAX,0.8,4.394449154672438,0.20736390593419046,0.13316860890579296,0.05660080048516345,0.0002809496517718285,0.00012545362813636246
