dataset,aggregate_type,delta,epsilon_freq,epsilon_time,MAPE_freq,SMAPE_freq,MAPE_time,SMAPE_time
Hospital,AggregateType.AVG,0.4,1.6945957207744071,0.00011241525545118149,0.3409413099603903,0.11963026201932506,8.847789035040144e-05,4.358269816201822e-05
Hospital,AggregateType.SUM,0.4,1.6945957207744071,0.021855744772287498,0.34069869779673034,0.11920677261093884,0.02212095372894356,0.008570096139166147
Hospital,AggregateType.MIN,0.4,1.6945957207744071,9.351631676646446e-05,0.3376007880494639,0.11858168728186566,1.8934783928515855,0.09593059767008968
Hospital,AggregateType.MAX,0.4,1.6945957207744071,0.01698217202754545,0.3414998146766774,0.11957339818941781,0.044519636722497154,0.015613368635999431
