dataset,aggregate_type,alpha,epsilon_freq,epsilon_time,delta_freq_median,delta_time_median,delta_freq_max,delta_time_max
Sepsis,AggregateType.AVG,0.2,0.012950422345298345,0.007222983179153684,0.019035338904610434,0.2992866770626893,0.9578200457656272,0.718063497458295
Sepsis,AggregateType.SUM,0.2,0.012950422345298345,0.18839758708082413,0.019035338904610434,0.4677940378203501,0.9578200457656272,0.7999978305320714
Sepsis,AggregateType.MIN,0.2,0.012950422345298345,0.16133265394503235,0.019035338904610434,0.5,0.9578200457656272,0.9411764705882353
Sepsis,AggregateType.MAX,0.2,0.012950422345298345,0.17973494966575615,0.019035338904610434,0.4999996875000976,0.9578200457656272,0.9411714706132351
