dataset,aggregate_type,delta,epsilon_freq,epsilon_time,MAPE_freq,SMAPE_freq,MAPE_time,SMAPE_time
Sepsis,AggregateType.AVG,0.1,0.4013413909243025,0.0005073701266281869,0.5511721877781464,0.12367725995323156,0.08841245541315293,0.037974550700210406
Sepsis,AggregateType.SUM,0.1,0.4013413909243025,0.013860493649187459,0.5243516187404809,0.12673293586269077,0.36450774232143934,0.10981212374074034
Sepsis,AggregateType.MIN,0.1,0.4013413909243025,5.177238592391533e-07,0.4914531175907134,0.12053240291780291,4057.9081296012746,1.3350364624010305
Sepsis,AggregateType.MAX,0.1,0.4013413909243025,0.004523434259177581,0.5568713844760349,0.12808979945425208,1.5435217653354465,0.3153539781770776
