dataset,aggregate_type,alpha,epsilon_freq,epsilon_time,delta_freq_median,delta_time_median,delta_freq_max,delta_time_max
Hospital,AggregateType.AVG,0.6,0.0013481966701762668,6.0758458948963e-05,0.7440137844466425,0.0,0.9578200457656272,0.004917541001812492
Hospital,AggregateType.SUM,0.6,0.0013481966701762668,0.052009240860312334,0.7440137844466425,0.0,0.9578200457656272,0.8005165923731659
Hospital,AggregateType.MIN,0.6,0.0013481966701762668,0.052009240860312334,0.7440137844466425,0.0,0.9578200457656272,0.8461538461538463
Hospital,AggregateType.MAX,0.6,0.0013481966701762668,0.05094782778153045,0.7440137844466425,0.0,0.9578200457656272,0.8101735068451372
