dataset,aggregate_type,delta,epsilon_freq,epsilon_time,MAPE_freq,SMAPE_freq,MAPE_time,SMAPE_time
CreditReq,AggregateType.AVG,0.01,0.040001333413339134,4.5481735189921854e-05,0.0026144869505759097,0.0013034965140127314,50.45795435746896,0.8871185888827229
CreditReq,AggregateType.SUM,0.01,0.040001333413339134,0.44854593969189904,0.0025105828537200247,0.001252233976630057,0.036772503656091166,0.01767864791957539
CreditReq,AggregateType.MIN,0.01,0.040001333413339134,1.0383007863238405e-05,0.002387269322766261,0.0011912812943992838,4596.905756445812,0.9952095382743348
CreditReq,AggregateType.MAX,0.01,0.040001333413339134,0.014951531323063306,0.002229580892282855,0.0011121826250999622,8.602151332765217,0.617863771172814
