dataset,aggregate_type,alpha,epsilon_freq,epsilon_time,delta_freq_median,delta_time_median,delta_freq_max,delta_time_max
BPIC15,AggregateType.AVG,0.2,0.029073044103460174,3.2133341187405076e-05,0.9936953816334796,0.0,0.999980000199998,0.021903550267447364
BPIC15,AggregateType.SUM,0.2,0.029073044103460174,0.14985283336725924,0.9936953816334796,0.0,0.999980000199998,0.998095700239655
BPIC15,AggregateType.MIN,0.2,0.029073044103460174,0.15246146538710212,0.9936953816334796,0.0,0.999980000199998,0.9987373446941267
BPIC15,AggregateType.MAX,0.2,0.029073044103460174,0.1512996097754541,0.9936953816334796,0.0,0.999980000199998,0.9984902473239341
