dataset,aggregate_type,alpha,epsilon_freq,epsilon_time,delta_freq_median,delta_time_median,delta_freq_max,delta_time_max
BPIC15,AggregateType.AVG,0.05,0.1265156644502223,0.001271101609620668,0.999980000199998,0.0,1.0,0.9933287467147083
BPIC15,AggregateType.SUM,0.05,0.1265156644502223,0.606113391415457,0.999980000199998,0.0,1.0,0.9933333333333333
BPIC15,AggregateType.MIN,0.05,0.1265156644502223,0.6098458615484085,0.999980000199998,0.0,1.0,0.9933333333333333
BPIC15,AggregateType.MAX,0.05,0.1265156644502223,0.6051984391018164,0.999980000199998,0.0,1.0,0.996875
