dataset,aggregate_type,delta,epsilon_freq,epsilon_time,MAPE_freq,SMAPE_freq,MAPE_time,SMAPE_time
BPIC15,AggregateType.AVG,0.4,1.6945957207744071,0.0002788151196458291,0.3631336877141388,0.12690526014959772,0.0002476017072387385,0.0001231903305014451
BPIC15,AggregateType.SUM,0.4,1.6945957207744071,0.01732389326379322,0.36060160255049795,0.1264887958736994,0.0780076280956209,0.029333014275990214
BPIC15,AggregateType.MIN,0.4,1.6945957207744071,2.9702576880440206e-08,0.3635921195534497,0.1272979686195529,24563.523752328103,0.21691094374862402
BPIC15,AggregateType.MAX,0.4,1.6945957207744071,0.017219677699378037,0.36133229412951395,0.12676287022133478,0.12324473090963761,0.043220421368461756
