dataset,aggregate_type,alpha,epsilon_freq,epsilon_time,delta_freq_median,delta_time_median,delta_freq_max,delta_time_max
Sepsis,AggregateType.AVG,0.1,0.02590084469059669,0.014445966358307367,0.038056734613563875,0.4406815389688391,0.9990721129203082,0.929253318077783
Sepsis,AggregateType.SUM,0.1,0.02590084469059669,0.37679517416164826,0.038056734613563875,0.4999984591190847,0.9990721129203082,0.8205392172175414
Sepsis,AggregateType.MIN,0.1,0.02590084469059669,0.3226653078900647,0.038056734613563875,0.5,0.9990721129203082,0.9411764705882353
Sepsis,AggregateType.MAX,0.1,0.02590084469059669,0.3594698993315123,0.038056734613563875,0.4999999999999023,0.9990721129203082,0.9411764705866728
