dataset,aggregate_type,delta,epsilon_freq,epsilon_time,MAPE_freq,SMAPE_freq,MAPE_time,SMAPE_time
Hospital,AggregateType.AVG,0.1,0.4013413909243025,8.597517805125567e-05,1.4252127651586348,0.291865549549636,0.00022098254067255506,0.00010916509791388433
Hospital,AggregateType.SUM,0.1,0.4013413909243025,0.00422359487612671,1.44071435022993,0.29299168362353534,0.0949161109508986,0.02346949647290071
Hospital,AggregateType.MIN,0.1,0.4013413909243025,2.3422918000504145e-05,1.4306935338931541,0.29272272881688843,7.599573901235561,0.11683161855569316
Hospital,AggregateType.MAX,0.1,0.4013413909243025,0.004095607152607719,1.4184087687340434,0.2907714629835241,0.1943280977902239,0.03766015016199954
