dataset,aggregate_type,delta,epsilon_freq,epsilon_time,MAPE_freq,SMAPE_freq,MAPE_time,SMAPE_time
CreditReq,AggregateType.AVG,0.4,1.6945957207744071,0.00048109647996649296,6.785215264103604e-05,3.392413661646179e-05,2.731720140512161,0.4508954770632414
CreditReq,AggregateType.SUM,0.4,1.6945957207744071,4.849452518062249,6.844102342077132e-05,3.421851822685435e-05,0.0019413622956631273,0.0009687061020542835
CreditReq,AggregateType.MIN,0.4,1.6945957207744071,0.00027317332319482613,6.349399501236335e-05,3.174502295258758e-05,259.75907649968224,0.9374424264498019
CreditReq,AggregateType.MAX,0.4,1.6945957207744071,0.3933695854005496,6.148574378621725e-05,3.074053481940938e-05,0.3992166941772611,0.1495425511515756
