dataset,aggregate_type,delta,epsilon_freq,epsilon_time,MAPE_freq,SMAPE_freq,MAPE_time,SMAPE_time
Sepsis,AggregateType.AVG,0.9,5.888877958332882,0.035881386509037765,0.006634631023241988,0.003215822662554356,0.0024578839824782378,0.001181711007315457
Sepsis,AggregateType.SUM,0.9,5.888877958332882,6.028072933518344,0.005871987185643504,0.0028631205009554215,8.146226551448705e-05,4.067786155997076e-05
Sepsis,AggregateType.MIN,0.9,5.888877958332882,9.967051808066046e-06,0.00670926208428612,0.003260539778548419,43.73048820477772,0.04789894798322193
Sepsis,AggregateType.MAX,0.9,5.888877958332882,0.8611532762169063,0.006197787081700601,0.002996399800980892,0.007211149432534175,0.003254142559297727
