dataset,aggregate_type,delta,epsilon_freq,epsilon_time,MAPE_freq,SMAPE_freq,MAPE_time,SMAPE_time
Hospital,AggregateType.AVG,0.8,4.394449154672438,0.00013889946084014412,0.13131510132888272,0.055762404554190834,4.222122262106033e-05,2.0817873947029685e-05
Hospital,AggregateType.SUM,0.8,4.394449154672438,0.04586089501954809,0.13130032633038655,0.055686261264171574,0.002645715878457312,0.0011766695381516242
Hospital,AggregateType.MIN,0.8,4.394449154672438,0.00024364272313714632,0.13136501783548804,0.05565238542726196,0.5360238634332672,0.05085604639526209
Hospital,AggregateType.MAX,0.8,4.394449154672438,0.04582801705510291,0.13166179481062384,0.05583158672618049,0.006797829550915407,0.0028628121408464336
