dataset,aggregate_type,delta,epsilon_freq,epsilon_time,MAPE_freq,SMAPE_freq,MAPE_time,SMAPE_time
Hospital,AggregateType.AVG,0.01,0.040001333413339134,0.00023812699174820972,14.895879879615213,0.6495580339114114,0.001437545756128018,0.0006838905561493032
Hospital,AggregateType.SUM,0.01,0.040001333413339134,0.0009757398686268107,14.738200810505694,0.6497547694020398,0.4544000669056992,0.021168363082481975
Hospital,AggregateType.MIN,0.01,0.040001333413339134,1.3890741185312236e-05,14.745914542613018,0.6492312502046185,11.988269894589752,0.030816166932695545
Hospital,AggregateType.MAX,0.01,0.040001333413339134,0.00040821770013978827,15.042499746309797,0.649525681890346,0.5885982931530199,0.022464189994462987
