dataset,aggregate_type,alpha,epsilon_freq,epsilon_time,delta_freq_median,delta_time_median,delta_freq_max,delta_time_max
BPIC15,AggregateType.AVG,0.7,0.00903683317501588,9.0792972115762e-05,0.38947067562592697,0.0,0.9281272497197648,0.022473897125151743
BPIC15,AggregateType.SUM,0.7,0.00903683317501588,0.04329381367253264,0.38947067562592697,0.0,0.9281272497197648,0.7891627636865115
BPIC15,AggregateType.MIN,0.7,0.00903683317501588,0.04356041868202918,0.38947067562592697,0.0,0.9281272497197648,0.9933333333333333
BPIC15,AggregateType.MAX,0.7,0.00903683317501588,0.043228459935844024,0.38947067562592697,0.0,0.9281272497197648,0.78918005222978
