dataset,aggregate_type,delta,epsilon_freq,epsilon_time,emd_freq,emd_time
Sepsis Cases - Event Log,AggregateType.AVG,0.01,0.040001333413339134,1.5753501356887348e-05,17.128777235849242,303.27653382469566
Sepsis Cases - Event Log,AggregateType.AVG,0.05,0.20016691711396528,7.886601211567897e-05,5.072989329365287,67.6729487438358
Sepsis Cases - Event Log,AggregateType.AVG,0.1,0.4013413909243025,0.00015818506582587899,2.565194611932406,35.79143179207172
Sepsis Cases - Event Log,AggregateType.AVG,0.5,2.1972245773362196,0.0008653177252736978,0.4663753159263103,9.272873151594725
Sepsis Cases - Event Log,AggregateType.SUM,0.01,0.040001333413339134,0.004052326105231966,24.86427627712058,17.063885887405643
Sepsis Cases - Event Log,AggregateType.SUM,0.05,0.20016691711396528,0.019701186609954187,4.217250073293064,4.111070351608825
Sepsis Cases - Event Log,AggregateType.SUM,0.1,0.4013413909243025,0.03833965526380485,2.9412262176053963,2.165433308933026
Sepsis Cases - Event Log,AggregateType.SUM,0.5,2.1972245773362196,0.2025972678325536,0.5352300032096956,0.7593539812278566
