dataset,aggregate_type,delta,epsilon_freq,epsilon_time,MAPE_freq,SMAPE_freq,MAPE_time,SMAPE_time
Hospital,AggregateType.AVG,0.7,3.4692021107762123,0.028915327619869306,0.17261445271995696,0.07043393779864945,1.2299317953862974e-05,6.141743228291471e-06
Hospital,AggregateType.SUM,0.7,3.4692021107762123,0.08602236740073511,0.17231607677130195,0.07021543651485046,0.0019593884697376314,0.000797440100206321
Hospital,AggregateType.MIN,0.7,3.4692021107762123,0.0012048053174945547,0.17053328953337804,0.06940817985152867,0.06702048661688483,0.006577262954389628
Hospital,AggregateType.MAX,0.7,3.4692021107762123,0.08602236740073511,0.17005121762868755,0.06937369424602971,0.0021054956940069125,0.0008436692582906835
