dataset,aggregate_type,delta,epsilon_freq,epsilon_time,MAPE_freq,SMAPE_freq,MAPE_time,SMAPE_time
BPIC15,AggregateType.AVG,0.1,0.4013413909243025,0.001059087072111288,0.9894829723133156,0.2175195236489403,0.004545389637831387,0.002224431056769406
BPIC15,AggregateType.SUM,0.1,0.4013413909243025,0.004233316130507711,1.0138870391417503,0.21967574578418542,0.4896474418647436,0.10481259342717511
BPIC15,AggregateType.MIN,0.1,0.4013413909243025,3.3885108491249546e-08,0.9989150846031112,0.21646480888416003,93192.89721763146,0.2552997079267292
BPIC15,AggregateType.MAX,0.1,0.4013413909243025,0.00409560715260772,0.984311118851223,0.2176858969229242,0.5950681988524679,0.11839035443613484
