dataset,aggregate_type,delta,epsilon_freq,epsilon_time,MAPE_freq,SMAPE_freq,MAPE_time,SMAPE_time
Hospital,AggregateType.AVG,0.7,3.4692021107762123,0.00013092826994277426,0.1652426427186964,0.0675718398330572,6.028824497382639e-05,2.9421828955940185e-05
Hospital,AggregateType.SUM,0.7,3.4692021107762123,0.03784373953874458,0.16724787167169003,0.06825785061331793,0.005756695600748456,0.0024583558314400684
Hospital,AggregateType.MIN,0.7,3.4692021107762123,0.00018478765837212806,0.16754499776734919,0.06843803767682163,0.8150656873898463,0.050158605545231126
Hospital,AggregateType.MAX,0.7,3.4692021107762123,0.03475585905189326,0.16470572321531535,0.06735700507517081,0.012605873297877278,0.005066801085991969
