dataset,aggregate_type,delta,epsilon_freq,epsilon_time,MAPE_freq,SMAPE_freq,MAPE_time,SMAPE_time
CreditReq,AggregateType.AVG,0.7,3.4692021107762123,0.0006719580503663596,3.1738293761153864e-05,1.5868589579095805e-05,2.209434832698966,0.40136647499483075
CreditReq,AggregateType.SUM,0.7,3.4692021107762123,6.773337147692901,2.8002271260092012e-05,1.400065853251645e-05,0.001597572833089475,0.0007973696353939742
CreditReq,AggregateType.MIN,0.7,3.4692021107762123,0.0005014358700067756,2.7714498595500183e-05,1.3856876529852672e-05,225.89051852756796,0.9514731267363168
CreditReq,AggregateType.MAX,0.7,3.4692021107762123,0.7220676528097567,3.20882670834791e-05,1.6043575072456803e-05,0.271882206509594,0.11112310285431151
