dataset,aggregate_type,delta,epsilon_freq,epsilon_time,MAPE_freq,SMAPE_freq,MAPE_time,SMAPE_time
BPIC15,AggregateType.AVG,0.5,2.1972245773362196,0.0035556653180230267,0.18167696712431686,0.06945045911858885,0.0010035407833064217,0.0004969475048947488
BPIC15,AggregateType.SUM,0.5,2.1972245773362196,0.02814638135860459,0.17203246645755133,0.06696699047257978,0.04856938375393348,0.019373931717133263
BPIC15,AggregateType.MIN,0.5,2.1972245773362196,1.0875463831133446e-07,0.1747683239673142,0.067760337402221,17024.298486226144,0.18749068042790368
BPIC15,AggregateType.MAX,0.5,2.1972245773362196,0.023985261385354627,0.17814274801192634,0.068148495308997,0.07128836199988844,0.026443656209062822
