dataset,aggregate_type,alpha,epsilon_freq,epsilon_time,delta_freq_median,delta_time_median,delta_freq_max,delta_time_max
Hospital,AggregateType.AVG,0.6,0.0008954945331132292,1.182562193270208e-05,0.7440137844466425,0.0,0.9578200457656272,0.011215820847096832
Hospital,AggregateType.SUM,0.6,0.0008954945331132292,0.016640981433668524,0.7440137844466425,0.0,0.9578200457656272,0.8477763136057429
Hospital,AggregateType.MIN,0.6,0.0008954945331132292,0.052009240860312334,0.7440137844466425,0.0,0.9578200457656272,0.9996687644915535
Hospital,AggregateType.MAX,0.6,0.0008954945331132292,0.05000030022622302,0.7440137844466425,0.0,0.9578200457656272,0.8477835173877305
