dataset,aggregate_type,delta,epsilon_freq,epsilon_time,MAPE_freq,SMAPE_freq,MAPE_time,SMAPE_time
CreditReq,AggregateType.AVG,0.2,0.8109302162163288,0.00034232922008488483,0.0001541968683813991,7.708563966516762e-05,4.6802105776020975,0.5452037768373517
CreditReq,AggregateType.SUM,0.2,0.8109302162163288,3.450678538455638,0.00011543060061242794,5.7709048834311065e-05,0.003432341523852142,0.0017084400575673967
CreditReq,AggregateType.MIN,0.2,0.8109302162163288,0.00015543148191188996,0.0001291100645066522,6.45470049015432e-05,469.63657670785386,0.9719646670722998
CreditReq,AggregateType.MAX,0.2,0.8109302162163288,0.2238213339531216,0.00010913561920116637,5.4561735092363114e-05,0.6926057146782157,0.21830240863541964
