dataset,aggregate_type,alpha,epsilon_freq,epsilon_time,delta_freq_median,delta_time_median,delta_freq_max,delta_time_max
Sepsis,AggregateType.AVG,0.3,0.008633614896865564,0.004815322119435789,0.012691087082551027,0.21529225854695977,0.8562753417803016,0.5387009960933776
Sepsis,AggregateType.SUM,0.3,0.008633614896865564,0.1255983913872161,0.012691087082551027,0.3440103877255234,0.8562753417803016,0.7997340455486961
Sepsis,AggregateType.MIN,0.3,0.008633614896865564,0.10755510263002155,0.012691087082551027,0.5,0.8562753417803016,0.9411764705882353
Sepsis,AggregateType.MAX,0.3,0.008633614896865564,0.11982329977717077,0.012691087082551027,0.4999539517268081,0.8562753417803016,0.940440206772325
