dataset,aggregate_type,alpha,epsilon_freq,epsilon_time,delta_freq_median,delta_time_median,delta_freq_max,delta_time_max
BPIC15,AggregateType.AVG,0.5,0.01265156644502223,0.0001271101609620668,0.5194938532959157,0.0,0.9801980198019802,0.031817960044759785
BPIC15,AggregateType.SUM,0.5,0.01265156644502223,0.06061133914154569,0.5194938532959157,0.0,0.9801980198019802,0.9047511982904607
BPIC15,AggregateType.MIN,0.5,0.01265156644502223,0.06098458615484085,0.5194938532959157,0.0,0.9801980198019802,0.9933333333333333
BPIC15,AggregateType.MAX,0.5,0.01265156644502223,0.060519843910181635,0.5194938532959157,0.0,0.9801980198019802,0.9047619047619048
