dataset,aggregate_type,delta,epsilon_freq,epsilon_time,MAPE_freq,SMAPE_freq,MAPE_time,SMAPE_time
Sepsis,AggregateType.AVG,0.4,1.6945957207744071,0.00406216526253342,0.021302773472076163,0.009815770855660955,0.049760723030304946,0.023204535736879875
Sepsis,AggregateType.SUM,0.4,1.6945957207744071,0.06846527567401425,0.02423950346001781,0.010837891104668481,0.15444732698598196,0.06077176026449819
Sepsis,AggregateType.MIN,0.4,1.6945957207744071,2.8964586686979197e-06,0.02485177920515467,0.011162249253358847,240.93956086596137,0.5318255897273547
Sepsis,AggregateType.MAX,0.4,1.6945957207744071,0.02636537665920167,0.02252603680183725,0.010428946764630988,0.36653778622662647,0.12407357280615412
