dataset,aggregate_type,alpha,epsilon_freq,epsilon_time,delta_freq_median,delta_time_median,delta_freq_max,delta_time_max
Sepsis,AggregateType.AVG,0.5,0.005180168938119339,0.0028891932716614737,0.007614916826671427,0.1347703198597764,0.6454899392731475,0.34465445551992924
Sepsis,AggregateType.SUM,0.5,0.005180168938119339,0.07535903483232965,0.007614916826671427,0.2558777727377253,0.6454899392731475,0.7876860724194303
Sepsis,AggregateType.MIN,0.5,0.005180168938119339,0.06453306157801293,0.007614916826671427,0.5,0.6454899392731475,0.9411764705882353
Sepsis,AggregateType.MAX,0.5,0.005180168938119339,0.07189397986630246,0.007614916826671427,0.49750623441396513,0.6454899392731475,0.9027149321266968
