dataset,aggregate_type,delta,epsilon_freq,epsilon_time,MAPE_freq,SMAPE_freq,MAPE_time,SMAPE_time
CreditReq,AggregateType.AVG,0.6,2.772588722239781,0.0006028624288620387,3.545826905889937e-05,1.772848926655232e-05,2.931208401047129,0.42459363355673607
CreditReq,AggregateType.SUM,0.6,2.772588722239781,6.076853282929348,3.3180353731271844e-05,1.658936462543262e-05,0.0015673861376046421,0.0007821033951310532
CreditReq,AggregateType.MIN,0.6,2.772588722239781,0.00040507410681303493,4.405589286934802e-05,2.202714357929139e-05,204.89743938952043,0.9311817670392453
CreditReq,AggregateType.MAX,0.6,2.772588722239781,0.5833067138107701,4.170134614460201e-05,2.0849802090518373e-05,0.35107760897530393,0.13592590852846803
