dataset,aggregate_type,alpha,epsilon_freq,epsilon_time,delta_freq_median,delta_time_median,delta_freq_max,delta_time_max
Sepsis,AggregateType.AVG,0.8,0.0032376055863245863,0.001805745794788421,0.004759379701149099,0.08551633331688768,0.4460075059025151,0.21995601593796
Sepsis,AggregateType.SUM,0.8,0.0032376055863245863,0.04709939677020603,0.004759379701149099,0.16755360917390838,0.4460075059025151,0.7020785382144571
Sepsis,AggregateType.MIN,0.8,0.0032376055863245863,0.04033316348625809,0.004759379701149099,0.5,0.4460075059025151,0.9411764705882353
Sepsis,AggregateType.MAX,0.8,0.0032376055863245863,0.04493373741643904,0.004759379701149099,0.47690256491055405,0.4460075059025151,0.7330661243970834
