dataset,aggregate_type,alpha,epsilon_freq,epsilon_time,delta_freq_median,delta_time_median,delta_freq_max,delta_time_max
Sepsis,AggregateType.AVG,0.4,0.0064752111726491726,0.003611491589576842,0.009518541387987332,0.16617178094069773,0.7440137844466425,0.42333798813212176
Sepsis,AggregateType.SUM,0.4,0.0064752111726491726,0.09419879354041207,0.009518541387987332,0.30651744035290085,0.7440137844466425,0.7970628264497581
Sepsis,AggregateType.MIN,0.4,0.0064752111726491726,0.08066632697251618,0.009518541387987332,0.5,0.7440137844466425,0.9411764705882353
Sepsis,AggregateType.MAX,0.4,0.0064752111726491726,0.08986747483287807,0.009518541387987332,0.49944129533102977,0.7440137844466425,0.9323114894797475
