dataset,aggregate_type,alpha,epsilon_freq,epsilon_time,delta_freq_median,delta_time_median,delta_freq_max,delta_time_max
BPIC15,AggregateType.AVG,0.9,0.00702864802501235,7.06167560900371e-05,0.3093292205944329,0.0,0.8562753417803016,0.017369341469703647
BPIC15,AggregateType.SUM,0.9,0.00702864802501235,0.033672966189747605,0.3093292205944329,0.0,0.8562753417803016,0.6813531033364284
BPIC15,AggregateType.MIN,0.9,0.00702864802501235,0.03388032564157825,0.3093292205944329,0.0,0.8562753417803016,0.9933333333333333
BPIC15,AggregateType.MAX,0.9,0.00702864802501235,0.03362213550565646,0.3093292205944329,0.0,0.8562753417803016,0.6816273376823053
