dataset,aggregate_type,delta,epsilon_freq,epsilon_time,MAPE_freq,SMAPE_freq,MAPE_time,SMAPE_time
CreditReq,AggregateType.AVG,0.3,1.2380784168124463,0.00041726853668791377,9.181434999078668e-05,4.590337149930881e-05,4.158381891387142,0.49584213176850583
CreditReq,AggregateType.SUM,0.3,1.2380784168124463,4.20606684981417,8.433026179059097e-05,4.216185198748657e-05,0.0026017398046916927,0.0012956371968329214
CreditReq,AggregateType.MIN,0.3,1.2380784168124463,0.00021523171265087757,7.22910073812424e-05,3.614312396220524e-05,248.1330820800211,0.9561189738964005
CreditReq,AggregateType.MAX,0.3,1.2380784168124463,0.3099336662172637,9.015187530379766e-05,4.5071922927119626e-05,0.6100969302297734,0.20634252317438095
