dataset,aggregate_type,alpha,epsilon_freq,epsilon_time,delta_freq_median,delta_time_median,delta_freq_max,delta_time_max
Sepsis,AggregateType.AVG,0.9,0.002877871632288521,0.001605107373145263,0.004230566513237005,0.07617138810698287,0.4023122473795101,0.1970276632545208
Sepsis,AggregateType.SUM,0.9,0.002877871632288521,0.041866130462405365,0.004230566513237005,0.1498337472064285,0.4023122473795101,0.6605393581540182
Sepsis,AggregateType.MIN,0.9,0.002877871632288521,0.03585170087667385,0.004230566513237005,0.5,0.4023122473795101,0.9411764705882353
Sepsis,AggregateType.MAX,0.9,0.002877871632288521,0.03994109992572359,0.004230566513237005,0.4653967455439175,0.4023122473795101,0.6816190664338263
