dataset,aggregate_type,alpha,epsilon_freq,epsilon_time,delta_freq_median,delta_time_median,delta_freq_max,delta_time_max
Hospital,AggregateType.AVG,0.8,0.0010111475026322,4.556884421172225e-05,0.6166353450989173,0.0,0.8935195695959551,0.003677471409170713
Hospital,AggregateType.SUM,0.8,0.0010111475026322,0.03900693064523425,0.6166353450989173,0.0,0.8935195695959551,0.7276135785785836
Hospital,AggregateType.MIN,0.8,0.0010111475026322,0.03900693064523425,0.6166353450989173,0.0,0.8935195695959551,0.8461538461538463
Hospital,AggregateType.MAX,0.8,0.0010111475026322,0.03821087083614783,0.6166353450989173,0.0,0.8935195695959551,0.7310786876768763
