dataset,aggregate_type,alpha,epsilon_freq,epsilon_time,delta_freq_median,delta_time_median,delta_freq_max,delta_time_max
Hospital,AggregateType.AVG,0.1,0.0080891800210576,0.000364550753693778,0.999980000199998,0.0,0.9999999998,0.031235675877559516
Hospital,AggregateType.SUM,0.1,0.0080891800210576,0.312055445161874,0.999980000199998,0.0,0.9999999998,0.8447656800442465
Hospital,AggregateType.MIN,0.1,0.0080891800210576,0.312055445161874,0.999980000199998,0.0,0.9999999998,0.8461538461538463
Hospital,AggregateType.MAX,0.1,0.0080891800210576,0.30568696668918266,0.999980000199998,0.0,0.9999999998,0.8461538461533091
