dataset,aggregate_type,alpha,epsilon_freq,epsilon_time,delta_freq_median,delta_time_median,delta_freq_max,delta_time_max
Hospital,AggregateType.AVG,0.2,0.0040445900105288,0.000182275376846889,0.9936953816334796,0.0,0.999980000199998,0.015096495390566955
Hospital,AggregateType.SUM,0.2,0.0040445900105288,0.156027722580937,0.9936953816334796,0.0,0.999980000199998,0.8333317708357747
Hospital,AggregateType.MIN,0.2,0.0040445900105288,0.156027722580937,0.9936953816334796,0.0,0.999980000199998,0.8461538461538463
Hospital,AggregateType.MAX,0.2,0.0040445900105288,0.15284348334459133,0.9936953816334796,0.0,0.999980000199998,0.8461521274068002
