dataset,aggregate_type,delta,epsilon_freq,epsilon_time,MAPE_freq,SMAPE_freq,MAPE_time,SMAPE_time
Hospital,AggregateType.AVG,0.9,5.888877958332882,inf,0.09925391561634286,0.0436486898360956,0.0,0.0
Hospital,AggregateType.SUM,0.9,5.888877958332882,inf,0.10021356095357734,0.04404217719133518,0.0,0.0
Hospital,AggregateType.MIN,0.9,5.888877958332882,inf,0.10137392796883622,0.04457379642499508,0.0,0.0
Hospital,AggregateType.MAX,0.9,5.888877958332882,inf,0.1000317782540054,0.04406361649450615,0.0,0.0
