dataset,aggregate_type,delta,epsilon_freq,epsilon_time,MAPE_freq,SMAPE_freq,MAPE_time,SMAPE_time
Sepsis,AggregateType.AVG,0.8,4.394449154672438,0.010549631824262344,0.00932178336515849,0.004465182348151027,0.005809950810044271,0.0028163511552677218
Sepsis,AggregateType.SUM,0.8,4.394449154672438,1.0638798881778033,0.0076645929210279575,0.0037565242433746557,0.002646365076421623,0.0012836186448082197
Sepsis,AggregateType.MIN,0.8,4.394449154672438,7.600217485281327e-06,0.007290438341126364,0.0035493753237626517,95.42550904534616,0.12800927603695317
Sepsis,AggregateType.MAX,0.8,4.394449154672438,0.07384742276983643,0.010249437577614758,0.004859421905016072,0.03344633168395369,0.013654339574866031
