dataset,aggregate_type,alpha,epsilon_freq,epsilon_time,delta_freq_median,delta_time_median,delta_freq_max,delta_time_max
Hospital,AggregateType.AVG,0.3,0.0017909890662264583,2.365124386540416e-05,0.9578200457656272,0.0,0.9990721129203082,0.29138333220272755
Hospital,AggregateType.SUM,0.3,0.0017909890662264583,0.03328196286733705,0.9578200457656272,0.0,0.9990721129203082,0.9840886579616621
Hospital,AggregateType.MIN,0.3,0.0017909890662264583,0.10401848172062467,0.9578200457656272,0.0,0.9990721129203082,0.9996687644915535
Hospital,AggregateType.MAX,0.3,0.0017909890662264583,0.10000060045244603,0.9578200457656272,0.0,0.9990721129203082,0.9864790757765982
