dataset,aggregate_type,delta,epsilon_freq,epsilon_time,MAPE_freq,SMAPE_freq,MAPE_time,SMAPE_time
Hospital,AggregateType.AVG,0.6,2.772588722239781,0.01983455065580477,0.21602410115421944,0.08465058769525576,1.4162176790009511e-05,7.070695578698075e-06
Hospital,AggregateType.SUM,0.6,2.772588722239781,0.06028113497991948,0.21654546173917621,0.08444253928241316,0.002270291845297075,0.000946494541843356
Hospital,AggregateType.MIN,0.6,2.772588722239781,0.0009805484958712743,0.21704686624100136,0.08510453364694939,0.11300719048236656,0.006717434829522817
Hospital,AggregateType.MAX,0.6,2.772588722239781,0.06028113497991948,0.21037548120851857,0.08283291304422599,0.003877195924292188,0.0014886605878884152
