dataset,aggregate_type,delta,epsilon_freq,epsilon_time,MAPE_freq,SMAPE_freq,MAPE_time,SMAPE_time
Hospital,AggregateType.AVG,0.3,1.2380784168124463,0.00010588990239046464,0.4668837244461089,0.1495465404745703,0.00012410905297690575,6.010686709545752e-05
Hospital,AggregateType.SUM,0.3,1.2380784168124463,0.014440566261665521,0.46713886250253517,0.14967046073138507,0.03099816745381485,0.011196349195933684
Hospital,AggregateType.MIN,0.3,1.2380784168124463,6.952772819637753e-05,0.46265974187363523,0.14863202409762072,2.8485519898209066,0.08996993020192365
Hospital,AggregateType.MAX,0.3,1.2380784168124463,0.012403217272683797,0.46474047508913313,0.14931290977993156,0.062329072775171177,0.019913000789825535
