dataset,aggregate_type,alpha,epsilon_freq,epsilon_time,delta_freq_median,delta_time_median,delta_freq_max,delta_time_max
BPIC15,AggregateType.AVG,0.4,0.015814458056277788,0.0001588877012025835,0.6166353450989173,0.0,0.9936953816334796,0.04843446472832816
BPIC15,AggregateType.SUM,0.4,0.015814458056277788,0.07576417392693212,0.6166353450989173,0.0,0.9936953816334796,0.9467458823316448
BPIC15,AggregateType.MIN,0.4,0.015814458056277788,0.07623073269355106,0.6166353450989173,0.0,0.9936953816334796,0.9933333333333333
BPIC15,AggregateType.MAX,0.4,0.015814458056277788,0.07564980488772705,0.6166353450989173,0.0,0.9936953816334796,0.9527061339198278
