dataset,aggregate_type,delta,epsilon_freq,epsilon_time,MAPE_freq,SMAPE_freq,MAPE_time,SMAPE_time
Hospital,AggregateType.AVG,0.2,0.8109302162163288,0.004920705792764687,0.7455377915307164,0.20468896810580572,7.143377512166225e-05,3.5623741478306245e-05
Hospital,AggregateType.SUM,0.2,0.8109302162163288,0.019105140280977838,0.7147585868741331,0.19860405408498755,0.021482810759135416,0.006365613917892808
Hospital,AggregateType.MIN,0.2,0.8109302162163288,0.000294200645967779,0.7242511497879376,0.20092369747325828,0.592270339962148,0.022155820714358825
Hospital,AggregateType.MAX,0.2,0.8109302162163288,0.0086458965345633,0.7214302332875737,0.20033016803228057,0.02941878013640556,0.008045281006157196
