dataset,aggregate_type,delta,epsilon_freq,epsilon_time,MAPE_freq,SMAPE_freq,MAPE_time,SMAPE_time
BPIC15,AggregateType.AVG,0.01,0.040001333413339134,0.0001246121633793353,9.443519706173294,0.5375170491604192,0.03787155168214877,0.016795926985450536
BPIC15,AggregateType.SUM,0.01,0.040001333413339134,0.0004176813859932759,10.226178511579374,0.5386649173362306,4.4598953408118875,0.21712240418634926
BPIC15,AggregateType.MIN,0.01,0.040001333413339134,4.449463361715845e-09,9.907477804841356,0.5354372480197205,970881.1550193612,0.33687277416224615
BPIC15,AggregateType.MAX,0.01,0.040001333413339134,0.00040409428902726514,10.004348028834777,0.5398101828722146,5.568110909781966,0.23536166279738785
