dataset,aggregate_type,delta,epsilon_freq,epsilon_time,MAPE_freq,SMAPE_freq,MAPE_time,SMAPE_time
Sepsis Cases - Event Log,AggregateType.AVG,0.1,0.4013413909243025,0.0009618810950390835,0.09645020359353416,0.03498205746235147,0.21550207740212507,0.08236173121829633
Sepsis Cases - Event Log,AggregateType.SUM,0.1,0.4013413909243025,0.01785098405227232,0.10498860728901045,0.03627953244131508,0.837335520640015,0.17985273604119745
Sepsis Cases - Event Log,AggregateType.MIN,0.1,0.4013413909243025,6.768258804905309e-07,0.088762589590081,0.03317973226937308,1090.4397732945765,0.6325565261493626
Sepsis Cases - Event Log,AggregateType.MAX,0.1,0.4013413909243025,0.004865338030396452,0.1262291288558341,0.04163500109536229,1.7280233535569536,0.3162198726320244
