dataset,aggregate_type,delta,epsilon_freq,epsilon_time,MAPE_freq,SMAPE_freq,MAPE_time,SMAPE_time
Sepsis,AggregateType.AVG,0.01,0.040001333413339134,9.58684778477532e-05,0.8885032675413349,0.14645930379698088,2.205294676612668,0.34087211890371155
Sepsis,AggregateType.SUM,0.01,0.040001333413339134,0.0019061142994395495,0.9089424751385614,0.14967754857628507,7.335017237216571,0.4453155316842041
Sepsis,AggregateType.MIN,0.01,0.040001333413339134,6.750324901081874e-08,1.0627587881439469,0.15803846964849882,8898.871209951523,0.7012361583908973
Sepsis,AggregateType.MAX,0.01,0.040001333413339134,0.0004800400133637227,1.0806328805223362,0.16060016056197698,15.14733967904544,0.5747148162347727
