dataset,aggregate_type,alpha,epsilon_freq,epsilon_time,delta_freq_median,delta_time_median,delta_freq_max,delta_time_max
Hospital,AggregateType.AVG,0.05,0.0161783600421152,0.000729101507387556,0.9999999998,0.0,1.0,0.06668609862272559
Hospital,AggregateType.SUM,0.05,0.0161783600421152,0.624110890323748,0.9999999998,0.0,1.0,0.8461534948146396
Hospital,AggregateType.MIN,0.05,0.0161783600421152,0.624110890323748,0.9999999998,0.0,1.0,0.8461538461538463
Hospital,AggregateType.MAX,0.05,0.0161783600421152,0.6113739333783653,0.9999999998,0.0,1.0,0.8461538461538463
