dataset,aggregate_type,delta,epsilon_freq,epsilon_time,MAPE_freq,SMAPE_freq,MAPE_time,SMAPE_time
Hospital,AggregateType.AVG,0.3,1.2380784168124463,0.007379112422190569,0.47459897651376737,0.15275847329146447,4.783868518184411e-05,2.3869483425842845e-05
Hospital,AggregateType.SUM,0.3,1.2380784168124463,0.027644318811282147,0.4852274336204706,0.1545235416132661,0.013237987832138568,0.0043755000247012715
Hospital,AggregateType.MIN,0.3,1.2380784168124463,0.00048135220872218417,0.4808026550395634,0.15302618919019326,0.3433973623930466,0.028894058443807734
Hospital,AggregateType.MAX,0.3,1.2380784168124463,0.014145860827753983,0.4755089331091867,0.1526305085593737,0.01633884536649554,0.005205640510554291
