dataset,aggregate_type,alpha,epsilon_freq,epsilon_time,delta_freq_median,delta_time_median,delta_freq_max,delta_time_max
Sepsis,AggregateType.AVG,0.6,0.004316807448432782,0.0024076610597178944,0.006345801919268038,0.11315982708036798,0.5646318840142971,0.2909229464946572
Sepsis,AggregateType.SUM,0.6,0.004316807448432782,0.06279919569360805,0.006345801919268038,0.21830617910638683,0.5646318840142971,0.7684099277350941
Sepsis,AggregateType.MIN,0.6,0.004316807448432782,0.053777551315010774,0.006345801919268038,0.5,0.5646318840142971,0.9411764705882353
Sepsis,AggregateType.MAX,0.6,0.004316807448432782,0.05991164988858538,0.006345801919268038,0.49325969595859076,0.5646318840142971,0.8464332779479167
