dataset,aggregate_type,alpha,epsilon_freq,epsilon_time,delta_freq_median,delta_time_median,delta_freq_max,delta_time_max
Hospital,AggregateType.AVG,0.4,0.0020222950052644,9.11376884234445e-05,0.8935195695959551,0.0,0.9936953816334796,0.007419134627961482
Hospital,AggregateType.SUM,0.4,0.0020222950052644,0.0780138612904685,0.8935195695959551,0.0,0.9936953816334796,0.8305460390857223
Hospital,AggregateType.MIN,0.4,0.0020222950052644,0.0780138612904685,0.8935195695959551,0.0,0.9936953816334796,0.8461538461538463
Hospital,AggregateType.MAX,0.4,0.0020222950052644,0.07642174167229566,0.8935195695959551,0.0,0.9936953816334796,0.8430886768343553
