dataset,aggregate_type,delta,epsilon_freq,epsilon_time,MAPE_freq,SMAPE_freq,MAPE_time,SMAPE_time
Sepsis,AggregateType.AVG,0.1,0.4013413909243025,0.0009618810950390835,0.08878081783341106,0.031057368582620974,0.2804435452578971,0.09781969096625551
Sepsis,AggregateType.SUM,0.1,0.4013413909243025,0.01785098405227232,0.09415624574728305,0.036849205895968636,0.8382569715024083,0.19210931743677767
Sepsis,AggregateType.MIN,0.1,0.4013413909243025,6.768258804905309e-07,0.10389963292422366,0.0355243817617875,848.8361338593592,0.6417017167194903
Sepsis,AggregateType.MAX,0.1,0.4013413909243025,0.004865338030396452,0.11024266339591164,0.038154120936210824,1.8647276188857802,0.3299930033294526
