dataset,aggregate_type,delta,epsilon_freq,epsilon_time,MAPE_freq,SMAPE_freq,MAPE_time,SMAPE_time
BPIC15,AggregateType.AVG,0.05,0.20016691711396528,0.0005744007821646551,2.040367400281064,0.30946997917263086,0.00839971797750832,0.004063441683509215
BPIC15,AggregateType.SUM,0.05,0.20016691711396528,0.0020951309373666432,1.9658451749484886,0.3084756172001307,0.8573943697402597,0.1354990573357105
BPIC15,AggregateType.MIN,0.05,0.20016691711396528,1.9330946015253583e-08,1.9106734248738202,0.30649344928125366,121727.37483486836,0.28425334916769807
BPIC15,AggregateType.MAX,0.05,0.20016691711396528,0.0020269767218399114,2.001723193272867,0.30801343184130225,1.147326113521586,0.1560241243491113
