dataset,aggregate_type,delta,epsilon_freq,epsilon_time,MAPE_freq,SMAPE_freq,MAPE_time,SMAPE_time
BPIC15,AggregateType.AVG,0.8,4.394449154672438,0.004546483776382608,0.09024651659586937,0.03895631424430151,0.0005079018915498149,0.0002517668977494067
BPIC15,AggregateType.SUM,0.8,4.394449154672438,0.09180665098467197,0.0877228516264279,0.03794223791839346,0.014757522603104756,0.006310712391374246
BPIC15,AggregateType.MIN,0.8,4.394449154672438,1.8362416813141928e-07,0.09003630600331305,0.03880317326898435,6358.495844583445,0.2863858493835986
BPIC15,AggregateType.MAX,0.8,4.394449154672438,0.06480469481270963,0.08952751462022815,0.03847668216286641,0.021658006992631894,0.009053209116225943
