dataset,aggregate_type,alpha,epsilon_freq,epsilon_time,delta_freq_median,delta_time_median,delta_freq_max,delta_time_max
Hospital,AggregateType.AVG,0.9,0.0005969963554088193,7.88374795513472e-06,0.5646318840142971,0.0,0.8562753417803016,0.00321874497717419
Hospital,AggregateType.SUM,0.9,0.0005969963554088193,0.01109398762244568,0.5646318840142971,0.0,0.8562753417803016,0.6813531033364284
Hospital,AggregateType.MIN,0.9,0.0005969963554088193,0.03467282724020822,0.5646318840142971,0.0,0.8562753417803016,0.9996687644915535
Hospital,AggregateType.MAX,0.9,0.0005969963554088193,0.03333353348414868,0.5646318840142971,0.0,0.8562753417803016,0.6816190664338263
