dataset,aggregate_type,alpha,epsilon_freq,epsilon_time,delta_freq_median,delta_time_median,delta_freq_max,delta_time_max
Hospital,AggregateType.AVG,0.8,0.0006716208998349217,8.86921644952656e-06,0.6166353450989173,0.0,0.8935195695959551,0.004439986022974595
Hospital,AggregateType.SUM,0.8,0.0006716208998349217,0.01248073607525139,0.6166353450989173,0.0,0.8935195695959551,0.7329973379844718
Hospital,AggregateType.MIN,0.8,0.0006716208998349217,0.03900693064523425,0.6166353450989173,0.0,0.8935195695959551,0.9996687644915535
Hospital,AggregateType.MAX,0.8,0.0006716208998349217,0.03750022516966726,0.6166353450989173,0.0,0.8935195695959551,0.7334558887181151
