dataset,aggregate_type,delta,epsilon_freq,epsilon_time,MAPE_freq,SMAPE_freq,MAPE_time,SMAPE_time
Hospital,AggregateType.AVG,0.5,2.1972245773362196,0.013705863648774075,0.2709232323898372,0.10105549992022667,1.8352457346173824e-05,9.160063967912155e-06
Hospital,AggregateType.SUM,0.5,2.1972245773362196,0.04674945909225998,0.26993332158946226,0.10084066986645883,0.002953473395618278,0.001180508151959835
Hospital,AggregateType.MIN,0.5,2.1972245773362196,0.0008127558538050075,0.26447088604188895,0.09940717173536233,0.17175384580579128,0.012399350713939581
Hospital,AggregateType.MAX,0.5,2.1972245773362196,0.04674945909225998,0.2612812020107814,0.09856637062930211,0.00527997681022035,0.0018672858138897336
