dataset,aggregate_type,alpha,epsilon_freq,epsilon_time,delta_freq_median,delta_time_median,delta_freq_max,delta_time_max
Sepsis,AggregateType.AVG,0.01,0.25900844690596686,0.026104633359102913,0.999980000199998,0.8124439772693013,1.0,0.9988950276243095
Sepsis,AggregateType.SUM,0.01,0.25900844690596686,3.0550684927237812,0.999980000199998,0.8,1.0,0.9988950276243095
Sepsis,AggregateType.MIN,0.01,0.25900844690596686,1.0,0.999980000199998,0.8,1.0,0.9988950276243095
Sepsis,AggregateType.MAX,0.01,0.25900844690596686,3.3754729842861866,0.999980000199998,0.8125,1.0,0.9988950276243095
