dataset,aggregate_type,alpha,epsilon_freq,epsilon_time,delta_freq_median,delta_time_median,delta_freq_max,delta_time_max
BPIC15,AggregateType.AVG,0.6,0.010542972037518526,0.00010592513413505566,0.4460075059025153,0.0,0.9578200457656272,0.026343052733473815
BPIC15,AggregateType.SUM,0.6,0.010542972037518526,0.05050944928462141,0.4460075059025153,0.0,0.9578200457656272,0.842429881802743
BPIC15,AggregateType.MIN,0.6,0.010542972037518526,0.05082048846236737,0.4460075059025153,0.0,0.9578200457656272,0.9933333333333333
BPIC15,AggregateType.MAX,0.6,0.010542972037518526,0.050433203258484695,0.4460075059025153,0.0,0.9578200457656272,0.8475044676083582
