dataset,aggregate_type,delta,epsilon_freq,epsilon_time,MAPE_freq,SMAPE_freq,MAPE_time,SMAPE_time
Hospital,AggregateType.AVG,0.1,0.4013413909243025,0.00241348278635812,1.465313727049614,0.2985503250711241,0.0001640810075507299,8.152290476291815e-05
Hospital,AggregateType.SUM,0.1,0.4013413909243025,0.009889392880686933,1.4420686664048747,0.2967646521351418,0.05092902899305572,0.010155357721443785
Hospital,AggregateType.MIN,0.1,0.4013413909243025,0.00014078649587089033,1.4849040801610625,0.296311874141785,1.0937004908993984,0.024812229261008643
Hospital,AggregateType.MAX,0.1,0.4013413909243025,0.004137399062328206,1.448196567906203,0.29555513556004825,0.0629933573364203,0.012104107598579777
